,,,,,,30,15,30,15,10,,,,,,,
Photo Link,Fecha,Hora,Tipo,Super Cheese,Forma redonda,Tiene Burbuja,Bordes Limpios,Distribución de Ingredientes,Nivel de Horneado,Grasa en Superficie,Puntos Burbuja,Puntos Bordes,Puntos distribucion,Puntos Horneado,Puntos Grasa,Puntaje Total,Criterio
https://gritsee-ensemble.s3.us-east-1.amazonaws.com/pcsapi-ramos-arizpe/quality/2025-10-27/vlcsnap-2025-10-27-22h59m26s603.png,10/27,12:25,Pepperoni,Sí,,No,Sí,Aceptable,Correcto,No,35,5,25,20,5,90,Pass
https://gritsee-ensemble.s3.us-east-1.amazonaws.com/pcsapi-ramos-arizpe/quality/2025-10-27/vlcsnap-2025-10-27-22h59m45s485.png,10/27,12:52,3 Meat Treat,No,,No,No,Aceptable,Correcto,No,35,0,25,20,5,85,Pass
https://gritsee-ensemble.s3.us-east-1.amazonaws.com/pcsapi-ramos-arizpe/quality/2025-10-27/vlcsnap-2025-10-27-23h00m17s468.png,10/27,13:00,Pepperoni,No,,No,No,Mala,Correcto,No,35,0,10,20,5,70,Pass
https://gritsee-ensemble.s3.us-east-1.amazonaws.com/pcsapi-ramos-arizpe/quality/2025-10-27/vlcsnap-2025-10-27-23h00m19s197.png,10/27,13:01,Pepperoni,No,,No,No,Mala,Correcto,No,35,0,10,20,5,70,Pass
https://gritsee-ensemble.s3.us-east-1.amazonaws.com/pcsapi-ramos-arizpe/quality/2025-10-27/vlcsnap-2025-10-27-23h00m24s218.png,10/27,13:02,Pepperoni,No,,No,No,Mala,Correcto,No,35,0,10,20,5,70,Pass
https://gritsee-ensemble.s3.us-east-1.amazonaws.com/pcsapi-ramos-arizpe/quality/2025-10-27/vlcsnap-2025-10-27-23h00m25s738.png,10/27,13:03,Pepperoni,No,,No,No,Deficiente,Correcto,No,35,0,0,20,5,60,Fail
https://gritsee-ensemble.s3.us-east-1.amazonaws.com/pcsapi-ramos-arizpe/quality/2025-10-27/vlcsnap-2025-10-27-23h00m27s996.png,10/27,13:06,Pepperoni,No,,No,No,Mala,Correcto,No,35,0,10,20,5,70,Pass
https://gritsee-ensemble.s3.us-east-1.amazonaws.com/pcsapi-ramos-arizpe/quality/2025-10-27/vlcsnap-2025-10-27-23h00m30s657.png,10/27,13:09,Pepperoni,No,,No,No,Mala,Correcto,No,35,0,10,20,5,70,Pass
https://gritsee-ensemble.s3.us-east-1.amazonaws.com/pcsapi-ramos-arizpe/quality/2025-10-27/vlcsnap-2025-10-27-23h00m32s994.png,10/27,13:11,3 Meat Treat,No,,No,No,Media,Correcto,No,35,0,20,20,5,80,Pass
https://gritsee-ensemble.s3.us-east-1.amazonaws.com/pcsapi-ramos-arizpe/quality/2025-10-27/vlcsnap-2025-10-27-23h00m53s078.png,10/27,13:26,Extra Extra,No,,No,No,Deficiente,Correcto,No,35,0,0,20,5,60,Fail
https://gritsee-ensemble.s3.us-east-1.amazonaws.com/pcsapi-ramos-arizpe/quality/2025-10-27/vlcsnap-2025-10-27-23h00m56s336.png,10/27,13:31,Pepperoni,No,,No,No,Mala,Correcto,No,35,0,10,20,5,70,Pass
https://gritsee-ensemble.s3.us-east-1.amazonaws.com/pcsapi-ramos-arizpe/quality/2025-10-27/vlcsnap-2025-10-27-23h01m01s962.png,10/27,13:35,3 Meat Treat,No,,No,No,Media,Correcto,No,35,0,20,20,5,80,Pass
https://gritsee-ensemble.s3.us-east-1.amazonaws.com/pcsapi-ramos-arizpe/quality/2025-10-27/vlcsnap-2025-10-27-23h01m04s534.png,10/27,13:39,Pepperoni,No,,No,No,Media,Correcto,No,35,0,20,20,5,80,Pass
https://gritsee-ensemble.s3.us-east-1.amazonaws.com/pcsapi-ramos-arizpe/quality/2025-10-27/vlcsnap-2025-10-27-23h01m09s943.png,10/27,13:42,Otra,No,,No,No,Aceptable,Correcto,No,35,0,25,20,5,85,Pass
https://gritsee-ensemble.s3.us-east-1.amazonaws.com/pcsapi-ramos-arizpe/quality/2025-10-27/vlcsnap-2025-10-27-23h01m13s155.png,10/27,13:43,Otra,No,,No,No,Aceptable,Correcto,No,35,0,25,20,5,85,Pass
https://gritsee-ensemble.s3.us-east-1.amazonaws.com/pcsapi-ramos-arizpe/quality/2025-10-27/vlcsnap-2025-10-27-23h01m18s204.png,10/27,13:47,Pepperoni,Sí,,No,Sí,Deficiente,Correcto,No,35,5,0,20,5,65,Fail
https://gritsee-ensemble.s3.us-east-1.amazonaws.com/pcsapi-ramos-arizpe/quality/2025-10-27/vlcsnap-2025-10-27-23h01m21s693.png,10/27,13:50,Pepperoni,No,,No,No,Media,Correcto,No,35,0,20,20,5,80,Pass
https://gritsee-ensemble.s3.us-east-1.amazonaws.com/pcsapi-ramos-arizpe/quality/2025-10-27/vlcsnap-2025-10-27-23h01m23s105.png,10/27,13.51,Pepperoni,No,,No,No,Media,Correcto,No,35,0,20,20,5,80,Pass
https://gritsee-ensemble.s3.us-east-1.amazonaws.com/pcsapi-ramos-arizpe/quality/2025-10-27/vlcsnap-2025-10-27-23h01m34s289.png,10/27,14:08,Pepperoni,Sí,,No,No,Media,Alto,No,35,0,20,10,5,70,Pass
https://gritsee-ensemble.s3.us-east-1.amazonaws.com/pcsapi-ramos-arizpe/quality/2025-10-27/vlcsnap-2025-10-27-23h01m43s737.png,10/27,14:08,Pepperoni,No,,No,No,Mala,Correcto,No,35,0,10,20,5,70,Pass
https://gritsee-ensemble.s3.us-east-1.amazonaws.com/pcsapi-ramos-arizpe/quality/2025-10-27/vlcsnap-2025-10-27-23h01m57s948.png,10/27,14:24,Pepperoni,No,,No,No,Media,Correcto,No,35,0,20,20,5,80,Pass
https://gritsee-ensemble.s3.us-east-1.amazonaws.com/pcsapi-ramos-arizpe/quality/2025-10-27/vlcsnap-2025-10-27-23h02m10s354.png,10/27,14:37,Otra,No,,No,No,Aceptable,Correcto,No,35,0,25,20,5,85,Pass
https://gritsee-ensemble.s3.us-east-1.amazonaws.com/pcsapi-ramos-arizpe/quality/2025-10-27/vlcsnap-2025-10-27-23h02m18s927.png,10/27,14:40,3 Meat Treat,No,,No,No,Aceptable,Correcto,No,35,0,25,20,5,85,Pass
https://gritsee-ensemble.s3.us-east-1.amazonaws.com/pcsapi-ramos-arizpe/quality/2025-10-27/vlcsnap-2025-10-27-23h02m24s178.png,10/27,14:45,3 Meat Treat,No,,No,Sí,Aceptable,Correcto,No,35,5,25,20,5,90,Pass
https://gritsee-ensemble.s3.us-east-1.amazonaws.com/pcsapi-ramos-arizpe/quality/2025-10-27/vlcsnap-2025-10-27-23h02m31s643.png,10/27,14:51,3 Meat Treat,No,,No,No,Mala,Correcto,No,35,0,10,20,5,70,Pass
https://gritsee-ensemble.s3.us-east-1.amazonaws.com/pcsapi-ramos-arizpe/quality/2025-10-27/vlcsnap-2025-10-27-23h02m32s912.png,10/27,14:54,Pepperoni,No,,No,No,Deficiente,Correcto,No,35,0,0,20,5,60,Fail
https://gritsee-ensemble.s3.us-east-1.amazonaws.com/pcsapi-ramos-arizpe/quality/2025-10-27/vlcsnap-2025-10-27-23h02m34s367.png,10/27,14:55,Pepperoni,No,,Sí,No,Mala,Correcto,No,0,0,10,20,5,35,Fail
https://gritsee-ensemble.s3.us-east-1.amazonaws.com/pcsapi-ramos-arizpe/quality/2025-10-27/vlcsnap-2025-10-27-23h02m35s658.png,10/27,14:56,Pepperoni,No,,Sí,No,Media,Correcto,No,0,0,20,20,5,45,Fail
https://gritsee-ensemble.s3.us-east-1.amazonaws.com/pcsapi-ramos-arizpe/quality/2025-10-27/vlcsnap-2025-10-27-23h02m42s177.png,10/27,15:00,Pepperoni,No,,No,No,Aceptable,Correcto,No,35,0,25,20,5,85,Pass
https://gritsee-ensemble.s3.us-east-1.amazonaws.com/pcsapi-ramos-arizpe/quality/2025-10-27/vlcsnap-2025-10-27-23h02m43s574.png,10/27,15:02,Pepperoni,No,,No,No,Mala,Correcto,No,35,0,10,20,5,70,Pass
https://gritsee-ensemble.s3.us-east-1.amazonaws.com/pcsapi-ramos-arizpe/quality/2025-10-27/vlcsnap-2025-10-27-23h02m50s841.png,10/27,18:02,Otra,No,,No,No,Aceptable,Correcto,No,35,0,25,20,5,85,Pass
https://gritsee-ensemble.s3.us-east-1.amazonaws.com/pcsapi-ramos-arizpe/quality/2025-10-27/vlcsnap-2025-10-27-23h02m58s633.png,10/27,18:09,Pepperoni,No,,No,No,Mala,Correcto,No,35,0,10,20,5,70,Pass
https://gritsee-ensemble.s3.us-east-1.amazonaws.com/pcsapi-ramos-arizpe/quality/2025-10-27/vlcsnap-2025-10-27-23h03m00s678.png,10/27,18:11,Pepperoni,No,,No,No,Mala,Bajo,No,35,0,10,10,5,60,Fail
https://gritsee-ensemble.s3.us-east-1.amazonaws.com/pcsapi-ramos-arizpe/quality/2025-10-27/vlcsnap-2025-10-27-23h03m09s875.png,10/27,18:21,Pepperoni,No,,No,No,Deficiente,Correcto,No,35,0,0,20,5,60,Fail
https://gritsee-ensemble.s3.us-east-1.amazonaws.com/pcsapi-ramos-arizpe/quality/2025-10-27/vlcsnap-2025-10-27-23h03m16s135.png,10/27,18:25,Pepperoni,No,,Sí,No,Deficiente,Correcto,No,0,0,0,20,5,25,Fail
https://gritsee-ensemble.s3.us-east-1.amazonaws.com/pcsapi-ramos-arizpe/quality/2025-10-27/vlcsnap-2025-10-27-23h03m22s147.png,10/27,18:32,Pepperoni,No,,No,No,Deficiente,Correcto,No,35,0,0,20,5,60,Fail
https://gritsee-ensemble.s3.us-east-1.amazonaws.com/pcsapi-ramos-arizpe/quality/2025-10-27/vlcsnap-2025-10-27-23h03m25s611.png,10/27,18:34,Pepperoni,No,,No,No,Mala,Correcto,No,35,0,10,20,5,70,Pass
https://gritsee-ensemble.s3.us-east-1.amazonaws.com/pcsapi-ramos-arizpe/quality/2025-10-27/vlcsnap-2025-10-27-23h03m28s805.png,10/27,18:36,Pepperoni,No,,Sí,No,Deficiente,Correcto,No,0,0,0,20,5,25,Fail
https://gritsee-ensemble.s3.us-east-1.amazonaws.com/pcsapi-ramos-arizpe/quality/2025-10-27/vlcsnap-2025-10-27-23h03m46s775.png,10/27,19:11,Pepperoni,No,,Sí,No,Deficiente,Correcto,No,0,0,0,20,5,25,Fail
https://gritsee-ensemble.s3.us-east-1.amazonaws.com/pcsapi-ramos-arizpe/quality/2025-10-27/vlcsnap-2025-10-27-23h03m57s657.png,10/27,19:18,Pepperoni,No,,No,No,Mala,Correcto,No,35,0,10,20,5,70,Pass
https://gritsee-ensemble.s3.us-east-1.amazonaws.com/pcsapi-ramos-arizpe/quality/2025-10-27/vlcsnap-2025-10-27-23h04m05s770.png,10/27,19:29,Pepperoni,No,,Sí,No,Deficiente,Correcto,No,0,0,0,20,5,25,Fail
https://gritsee-ensemble.s3.us-east-1.amazonaws.com/pcsapi-ramos-arizpe/quality/2025-10-27/vlcsnap-2025-10-27-23h04m08s151.png,10/27,19:28,Pepperoni,No,,Sí,Sí,Media,Correcto,No,0,5,20,20,5,50,Fail
https://gritsee-ensemble.s3.us-east-1.amazonaws.com/pcsapi-ramos-arizpe/quality/2025-10-27/vlcsnap-2025-10-27-23h04m13s122.png,10/27,19:34,Pepperoni,Sí,,No,Sí,Media,Correcto,No,35,5,20,20,5,85,Pass
https://gritsee-ensemble.s3.us-east-1.amazonaws.com/pcsapi-ramos-arizpe/quality/2025-10-27/vlcsnap-2025-10-27-23h04m23s423.png,10/27,19:46,Pepperoni,No,,No,No,Mala,Correcto,No,35,0,10,20,5,70,Pass
https://gritsee-ensemble.s3.us-east-1.amazonaws.com/pcsapi-ramos-arizpe/quality/2025-10-27/vlcsnap-2025-10-27-23h04m30s700.png,10/27,19:49,Pepperoni,No,,No,No,Deficiente,Correcto,No,35,0,0,20,5,60,Fail
https://gritsee-ensemble.s3.us-east-1.amazonaws.com/pcsapi-ramos-arizpe/quality/2025-10-27/vlcsnap-2025-10-27-23h04m33s761.png,10/27,19:51,Pepperoni,Sí,,Sí,No,Aceptable,Correcto,No,0,0,25,20,5,50,Fail
https://gritsee-ensemble.s3.us-east-1.amazonaws.com/pcsapi-ramos-arizpe/quality/2025-10-27/vlcsnap-2025-10-27-23h04m46s545.png,10/27,20:02,Pepperoni,No,,No,No,Aceptable,Correcto,No,35,0,25,20,5,85,Pass
https://gritsee-ensemble.s3.us-east-1.amazonaws.com/pcsapi-ramos-arizpe/quality/2025-10-27/vlcsnap-2025-10-27-23h04m56s119.png,10/27,20:27,Pepperoni,No,,No,No,Media,Correcto,No,35,0,20,20,5,80,Pass
https://gritsee-ensemble.s3.us-east-1.amazonaws.com/pcsapi-ramos-arizpe/quality/2025-10-27/vlcsnap-2025-10-27-23h04m59s986.png,10/27,20:28,Pepperoni,No,,No,No,Mala,Correcto,No,35,0,10,20,5,70,Pass
https://gritsee-ensemble.s3.us-east-1.amazonaws.com/pcsapi-ramos-arizpe/quality/2025-10-27/vlcsnap-2025-10-27-23h05m03s359.png,10/27,20:31,Otra,No,,No,No,Aceptable,Correcto,No,35,0,25,20,5,85,Pass
https://gritsee-ensemble.s3.us-east-1.amazonaws.com/pcsapi-ramos-arizpe/quality/2025-10-27/vlcsnap-2025-10-27-23h05m17s214.png,10/27,20:43,Extra Extra,No,,No,No,Mala,Correcto,No,35,0,10,20,5,70,Pass
https://gritsee-ensemble.s3.us-east-1.amazonaws.com/pcsapi-ramos-arizpe/quality/2025-10-27/vlcsnap-2025-10-27-23h05m20s810.png,10/27,20:48,Extra Extra,No,,No,No,Media,Correcto,No,35,0,20,20,5,80,Pass
https://gritsee-ensemble.s3.us-east-1.amazonaws.com/pcsapi-ramos-arizpe/quality/2025-10-29/vlcsnap-2025-10-29-07h39m32s793.png,10/28,12:16,Otra,No,,No,No,Aceptable,Correcto,No,35,0,25,20,5,85,Pass
https://gritsee-ensemble.s3.us-east-1.amazonaws.com/pcsapi-ramos-arizpe/quality/2025-10-29/vlcsnap-2025-10-29-07h39m39s836.png,10/28,12:17,Extra Extra,No,,Sí,No,Media,Correcto,No,0,0,20,20,5,45,Fail
https://gritsee-ensemble.s3.us-east-1.amazonaws.com/pcsapi-ramos-arizpe/quality/2025-10-29/vlcsnap-2025-10-29-07h39m51s296.png,10/28,12:35,Pepperoni,No,,Sí,No,Mala,Correcto,No,0,0,10,20,5,35,Fail
https://gritsee-ensemble.s3.us-east-1.amazonaws.com/pcsapi-ramos-arizpe/quality/2025-10-29/vlcsnap-2025-10-29-07h39m52s780.png,10/28,12:36,Pepperoni,No,,No,No,Deficiente,Correcto,Sí,35,0,0,20,0,55,Fail
https://gritsee-ensemble.s3.us-east-1.amazonaws.com/pcsapi-ramos-arizpe/quality/2025-10-29/vlcsnap-2025-10-29-07h39m59s569.png,10/28,12:54,3 Meat Treat,No,,No,No,Aceptable,Correcto,No,35,0,25,20,5,85,Pass
https://gritsee-ensemble.s3.us-east-1.amazonaws.com/pcsapi-ramos-arizpe/quality/2025-10-29/vlcsnap-2025-10-29-07h40m07s366.png,10/28,13:09,Pepperoni,No,,No,No,Aceptable,Correcto,No,35,0,25,20,5,85,Pass
https://gritsee-ensemble.s3.us-east-1.amazonaws.com/pcsapi-ramos-arizpe/quality/2025-10-29/vlcsnap-2025-10-29-07h40m08s769.png,10/28,13:11,Pepperoni,No,,Sí,No,Mala,Correcto,No,0,0,10,20,5,35,Fail
https://gritsee-ensemble.s3.us-east-1.amazonaws.com/pcsapi-ramos-arizpe/quality/2025-10-29/vlcsnap-2025-10-29-07h40m22s948.png,10/28,13:23,Pepperoni,No,,No,No,Mala,Correcto,No,35,0,10,20,5,70,Pass
https://gritsee-ensemble.s3.us-east-1.amazonaws.com/pcsapi-ramos-arizpe/quality/2025-10-29/vlcsnap-2025-10-29-07h40m39s443.png,10/28,13:50,Extra Extra,No,,No,No,Media,Correcto,No,35,0,20,20,5,80,Pass
https://gritsee-ensemble.s3.us-east-1.amazonaws.com/pcsapi-ramos-arizpe/quality/2025-10-29/vlcsnap-2025-10-29-07h40m46s782.png,10/28,14:15,Pepperoni,No,,Sí,No,Media,Correcto,No,0,0,20,20,5,45,Fail
https://gritsee-ensemble.s3.us-east-1.amazonaws.com/pcsapi-ramos-arizpe/quality/2025-10-29/vlcsnap-2025-10-29-07h40m50s551.png,10/28,14:17,Queso,No,,Sí,No,Aceptable,Correcto,No,0,0,25,20,5,50,Fail
https://gritsee-ensemble.s3.us-east-1.amazonaws.com/pcsapi-ramos-arizpe/quality/2025-10-29/vlcsnap-2025-10-29-07h40m59s198.png,10/28,14:32,Pepperoni,No,,No,No,Deficiente,Correcto,No,35,0,0,20,5,60,Fail
https://gritsee-ensemble.s3.us-east-1.amazonaws.com/pcsapi-ramos-arizpe/quality/2025-10-29/vlcsnap-2025-10-29-07h41m01s213.png,10/28,14:36,Pepperoni,No,,Sí,No,Media,Correcto,No,0,0,20,20,5,45,Fail
https://gritsee-ensemble.s3.us-east-1.amazonaws.com/pcsapi-ramos-arizpe/quality/2025-10-29/vlcsnap-2025-10-29-07h41m04s685.png,10/28,14:37,Pepperoni,No,,Sí,No,Media,Correcto,No,0,0,20,20,5,45,Fail
https://gritsee-ensemble.s3.us-east-1.amazonaws.com/pcsapi-ramos-arizpe/quality/2025-10-29/vlcsnap-2025-10-29-07h41m07s372.png,10/28,14:34,Pepperoni,No,,Sí,No,Media,Correcto,No,0,0,20,20,5,45,Fail
https://gritsee-ensemble.s3.us-east-1.amazonaws.com/pcsapi-ramos-arizpe/quality/2025-10-29/vlcsnap-2025-10-29-07h41m08s555.png,10/28,14:36,Pepperoni,No,,Sí,No,Mala,Correcto,Sí,0,0,10,20,0,30,Fail
https://gritsee-ensemble.s3.us-east-1.amazonaws.com/pcsapi-ramos-arizpe/quality/2025-10-29/vlcsnap-2025-10-29-07h41m15s278.png,10/28,14:49,Pepperoni,No,,No,No,Deficiente,Correcto,No,35,0,0,20,5,60,Fail
https://gritsee-ensemble.s3.us-east-1.amazonaws.com/pcsapi-ramos-arizpe/quality/2025-10-29/vlcsnap-2025-10-29-07h41m17s320.png,10/28,14:55,Pepperoni,No,,Sí,No,Deficiente,Correcto,No,0,0,0,20,5,25,Fail
https://gritsee-ensemble.s3.us-east-1.amazonaws.com/pcsapi-ramos-arizpe/quality/2025-10-29/vlcsnap-2025-10-29-07h42m05s200.png,10/28,19.09,Pepperoni,No,,No,No,Mala,Correcto,No,35,0,10,20,5,70,Pass
https://gritsee-ensemble.s3.us-east-1.amazonaws.com/pcsapi-ramos-arizpe/quality/2025-10-29/vlcsnap-2025-10-29-07h42m11s499.png,10/28,19:19,Pepperoni,No,,Sí,No,Deficiente,Correcto,No,0,0,0,20,5,25,Fail
https://gritsee-ensemble.s3.us-east-1.amazonaws.com/pcsapi-ramos-arizpe/quality/2025-10-29/vlcsnap-2025-10-29-07h42m14s025.png,10/28,19.26,Pepperoni,No,,Sí,No,Mala,Correcto,No,0,0,10,20,5,35,Fail
https://gritsee-ensemble.s3.us-east-1.amazonaws.com/pcsapi-ramos-arizpe/quality/2025-10-29/vlcsnap-2025-10-29-07h42m19s767.png,10/28,19:34,Pepperoni,No,,No,No,Deficiente,Correcto,No,35,0,0,20,5,60,Fail
https://gritsee-ensemble.s3.us-east-1.amazonaws.com/pcsapi-ramos-arizpe/quality/2025-10-29/vlcsnap-2025-10-29-07h42m38s599.png,10/28,19:58,3 Meat Treat,No,,No,No,Deficiente,Correcto,No,35,0,0,20,5,60,Fail
https://gritsee-ensemble.s3.us-east-1.amazonaws.com/pcsapi-ramos-arizpe/quality/2025-10-29/vlcsnap-2025-10-29-07h42m45s609.png,10/28,20:25,Pepperoni,No,,No,No,Deficiente,Correcto,No,35,0,0,20,5,60,Fail
https://gritsee-ensemble.s3.us-east-1.amazonaws.com/pcsapi-ramos-arizpe/quality/2025-10-29/vlcsnap-2025-10-29-07h42m48s287.png,10/28,20:30,Otra,No,,No,No,Aceptable,Correcto,No,35,0,25,20,5,85,Pass
https://gritsee-ensemble.s3.us-east-1.amazonaws.com/pcsapi-ramos-arizpe/quality/2025-10-29/vlcsnap-2025-10-29-07h43m01s361.png,10/28,20:44,Otra,No,,No,No,Aceptable,Correcto,No,35,0,25,20,5,85,Pass
https://gritsee-ensemble.s3.us-east-1.amazonaws.com/pcsapi-ramos-arizpe/quality/2025-10-29/vlcsnap-2025-10-29-07h43m12s052.png,10/28,20:57,Pepperoni,Sí,,No,Sí,Deficiente,Correcto,No,35,5,0,20,5,65,Fail
https://gritsee-ensemble.s3.us-east-1.amazonaws.com/pcsapi-ramos-arizpe/quality/2025-10-30/vlcsnap-2025-10-30-06h54m23s838.png,10/29,12:21,Pepperoni,No,,No,No,Deficiente,Correcto,No,35,0,0,20,5,60,Fail
https://gritsee-ensemble.s3.us-east-1.amazonaws.com/pcsapi-ramos-arizpe/quality/2025-10-30/vlcsnap-2025-10-30-06h54m28s307.png,10/29,12:23,Pepperoni,No,,No,No,Mala,Correcto,No,35,0,10,20,5,70,Pass
https://gritsee-ensemble.s3.us-east-1.amazonaws.com/pcsapi-ramos-arizpe/quality/2025-10-30/vlcsnap-2025-10-30-06h54m35s642.png,10/29,12:25,Pepperoni,No,,No,No,Media,Correcto,No,35,0,20,20,5,80,Pass
https://gritsee-ensemble.s3.us-east-1.amazonaws.com/pcsapi-ramos-arizpe/quality/2025-10-30/vlcsnap-2025-10-30-06h54m38s613.png,10/29,12:27,Pepperoni,No,,No,No,Mala,Correcto,No,35,0,10,20,5,70,Pass
https://gritsee-ensemble.s3.us-east-1.amazonaws.com/pcsapi-ramos-arizpe/quality/2025-10-30/vlcsnap-2025-10-30-06h54m43s530.png,10/29,12:28,Pepperoni,No,,No,No,Mala,Correcto,No,35,0,10,20,5,70,Pass
https://gritsee-ensemble.s3.us-east-1.amazonaws.com/pcsapi-ramos-arizpe/quality/2025-10-30/vlcsnap-2025-10-30-06h54m56s826.png,10/29,13:01,Otra,No,,No,No,Mala,Correcto,No,35,0,10,20,5,70,Pass
https://gritsee-ensemble.s3.us-east-1.amazonaws.com/pcsapi-ramos-arizpe/quality/2025-10-30/vlcsnap-2025-10-30-06h55m07s439.png,10/29,13:09,Pepperoni,No,,No,No,Mala,Correcto,No,35,0,10,20,5,70,Pass
https://gritsee-ensemble.s3.us-east-1.amazonaws.com/pcsapi-ramos-arizpe/quality/2025-10-30/vlcsnap-2025-10-30-06h55m12s749.png,10/29,13:12,Pepperoni,No,,No,No,Deficiente,Correcto,No,35,0,0,20,5,60,Fail
https://gritsee-ensemble.s3.us-east-1.amazonaws.com/pcsapi-ramos-arizpe/quality/2025-10-30/vlcsnap-2025-10-30-06h55m15s335.png,10/29,13:16,Otra,No,,No,No,Aceptable,Correcto,No,35,0,25,20,5,85,Pass
https://gritsee-ensemble.s3.us-east-1.amazonaws.com/pcsapi-ramos-arizpe/quality/2025-10-30/vlcsnap-2025-10-30-06h55m23s957.png,10/29,13:25,Pepperoni,No,,Sí,No,Media,Correcto,No,0,0,20,20,5,45,Fail
https://gritsee-ensemble.s3.us-east-1.amazonaws.com/pcsapi-ramos-arizpe/quality/2025-10-30/vlcsnap-2025-10-30-06h55m40s098.png,10/29,13:39,Pepperoni,No,,Sí,No,Mala,Correcto,No,0,0,10,20,5,35,Fail
https://gritsee-ensemble.s3.us-east-1.amazonaws.com/pcsapi-ramos-arizpe/quality/2025-10-30/vlcsnap-2025-10-30-06h55m41s880.png,10/29,13:41,Pepperoni,No,,No,No,Mala,Correcto,No,35,0,10,20,5,70,Pass
https://gritsee-ensemble.s3.us-east-1.amazonaws.com/pcsapi-ramos-arizpe/quality/2025-10-30/vlcsnap-2025-10-30-06h55m49s242.png,10/29,13:51,Pepperoni,No,,No,Sí,Mala,Correcto,No,35,5,10,20,5,75,Pass
https://gritsee-ensemble.s3.us-east-1.amazonaws.com/pcsapi-ramos-arizpe/quality/2025-10-30/vlcsnap-2025-10-30-06h56m11s375.png,10/29,14:10,Pepperoni,No,,No,No,Mala,Correcto,No,35,0,10,20,5,70,Pass
https://gritsee-ensemble.s3.us-east-1.amazonaws.com/pcsapi-ramos-arizpe/quality/2025-10-30/vlcsnap-2025-10-30-06h56m13s566.png,10/29,14:15,Pepperoni,No,,No,No,Media,Correcto,No,35,0,20,20,5,80,Pass
https://gritsee-ensemble.s3.us-east-1.amazonaws.com/pcsapi-ramos-arizpe/quality/2025-10-30/vlcsnap-2025-10-30-06h56m31s337.png,10/29,14:20,3 Meat Treat,No,,No,No,Media,Correcto,No,35,0,20,20,5,80,Pass
https://gritsee-ensemble.s3.us-east-1.amazonaws.com/pcsapi-ramos-arizpe/quality/2025-10-30/vlcsnap-2025-10-30-06h56m33s599.png,10/29,14:23,Pepperoni,No,,No,No,Mala,Alto,No,35,0,10,10,5,60,Fail
https://gritsee-ensemble.s3.us-east-1.amazonaws.com/pcsapi-ramos-arizpe/quality/2025-10-30/vlcsnap-2025-10-30-06h56m36s002.png,10/29,14:27,Pepperoni,No,,No,No,Media,Correcto,No,35,0,20,20,5,80,Pass
https://gritsee-ensemble.s3.us-east-1.amazonaws.com/pcsapi-ramos-arizpe/quality/2025-10-30/vlcsnap-2025-10-30-06h56m40s028.png,10/29,14:27,Pepperoni,No,,No,No,Media,Correcto,No,35,0,20,20,5,80,Pass
https://gritsee-ensemble.s3.us-east-1.amazonaws.com/pcsapi-ramos-arizpe/quality/2025-10-30/vlcsnap-2025-10-30-06h56m57s404.png,10/29,14:46,Pepperoni,No,,No,No,Deficiente,Correcto,No,35,0,0,20,5,60,Fail
https://gritsee-ensemble.s3.us-east-1.amazonaws.com/pcsapi-ramos-arizpe/quality/2025-10-30/vlcsnap-2025-10-30-06h57m03s667.png,10/29,14:47,Pepperoni,No,,No,No,Deficiente,Correcto,No,35,0,0,20,5,60,Fail
https://gritsee-ensemble.s3.us-east-1.amazonaws.com/pcsapi-ramos-arizpe/quality/2025-10-30/vlcsnap-2025-10-30-06h57m06s869.png,10/29,14:56,Pepperoni,No,,Sí,No,Mala,Correcto,No,0,0,10,20,5,35,Fail
https://gritsee-ensemble.s3.us-east-1.amazonaws.com/pcsapi-ramos-arizpe/quality/2025-10-30/vlcsnap-2025-10-30-06h57m36s520.png,10/29,18:14,Pepperoni,No,,Sí,No,Mala,Correcto,No,0,0,10,20,5,35,Fail
https://gritsee-ensemble.s3.us-east-1.amazonaws.com/pcsapi-ramos-arizpe/quality/2025-10-30/vlcsnap-2025-10-30-06h57m39s343.png,10/29,18:21,Pepperoni,No,,Sí,No,Deficiente,Correcto,Sí,0,0,0,20,0,20,Fail
https://gritsee-ensemble.s3.us-east-1.amazonaws.com/pcsapi-ramos-arizpe/quality/2025-10-30/vlcsnap-2025-10-30-06h57m48s367.png,10/29,18.28,Pepperoni,No,,No,No,Mala,Correcto,No,35,0,10,20,5,70,Pass
https://gritsee-ensemble.s3.us-east-1.amazonaws.com/pcsapi-ramos-arizpe/quality/2025-10-30/vlcsnap-2025-10-30-06h57m54s795.png,10/29,18:41,Pepperoni,No,,Sí,No,Deficiente,Correcto,Sí,0,0,0,20,0,20,Fail
https://gritsee-ensemble.s3.us-east-1.amazonaws.com/pcsapi-ramos-arizpe/quality/2025-10-30/vlcsnap-2025-10-30-06h58m04s590.png,10/29,18:46,Otra,No,,No,No,Aceptable,Correcto,No,35,0,25,20,5,85,Pass
https://gritsee-ensemble.s3.us-east-1.amazonaws.com/pcsapi-ramos-arizpe/quality/2025-10-30/vlcsnap-2025-10-30-06h58m10s303.png,10/29,19:07,Pepperoni,No,,No,No,Deficiente,Correcto,No,35,0,0,20,5,60,Fail
https://gritsee-ensemble.s3.us-east-1.amazonaws.com/pcsapi-ramos-arizpe/quality/2025-10-30/vlcsnap-2025-10-30-06h58m32s861.png,10/29,19:46,Pepperoni,No,,Sí,No,Mala,Correcto,No,0,0,10,20,5,35,Fail
https://gritsee-ensemble.s3.us-east-1.amazonaws.com/pcsapi-ramos-arizpe/quality/2025-10-30/vlcsnap-2025-10-30-06h58m42s472.png,10/29,19:55,Pepperoni,No,,Sí,No,Deficiente,Correcto,No,0,0,0,20,5,25,Fail
https://gritsee-ensemble.s3.us-east-1.amazonaws.com/pcsapi-ramos-arizpe/quality/2025-10-30/vlcsnap-2025-10-30-06h58m46s382.png,10/29,19.57,Pepperoni,No,,Sí,No,Media,Correcto,No,0,0,20,20,5,45,Fail
https://gritsee-ensemble.s3.us-east-1.amazonaws.com/pcsapi-ramos-arizpe/quality/2025-10-30/vlcsnap-2025-10-30-06h59m00s451.png,10/29,20:36,Pepperoni,No,,No,No,Media,Correcto,No,35,0,20,20,5,80,Pass
https://gritsee-ensemble.s3.us-east-1.amazonaws.com/pcsapi-ramos-arizpe/quality/2025-10-30/vlcsnap-2025-10-30-06h59m14s462.png,10/29,20:56,Otra,No,,No,No,Aceptable,Correcto,No,35,0,25,20,5,85,Pass
https://gritsee-ensemble.s3.us-east-1.amazonaws.com/pcsapi-ramos-arizpe/quality/2025-10-30/vlcsnap-2025-10-30-06h59m15s618.png,10/29,20:58,Pepperoni,No,,Sí,No,Mala,Correcto,No,0,0,10,20,5,35,Fail
https://gritsee-ensemble.s3.us-east-1.amazonaws.com/pcsapi-ramos-arizpe/quality/2025-10-30/vlcsnap-2025-10-30-06h59m17s649.png,10/29,21:01,Pepperoni,No,,Sí,No,Mala,Correcto,No,0,0,10,20,5,35,Fail
https://gritsee-ensemble.s3.us-east-1.amazonaws.com/pcsapi-ramos-arizpe/quality/2025-10-30/vlcsnap-2025-10-30-22h00m50s621.png,10/30,12:07,Pepperoni,No,,No,Sí,Media,Correcto,No,35,5,20,20,5,85,Pass
https://gritsee-ensemble.s3.us-east-1.amazonaws.com/pcsapi-ramos-arizpe/quality/2025-10-30/vlcsnap-2025-10-30-22h00m58s213.png,10/30,12:16,3 Meat Treat,No,,No,No,Aceptable,Correcto,No,35,0,25,20,5,85,Pass
https://gritsee-ensemble.s3.us-east-1.amazonaws.com/pcsapi-ramos-arizpe/quality/2025-10-30/vlcsnap-2025-10-30-22h01m05s861.png,10/30,12:21,Pepperoni,No,,No,No,Deficiente,Correcto,No,35,0,0,20,5,60,Fail
https://gritsee-ensemble.s3.us-east-1.amazonaws.com/pcsapi-ramos-arizpe/quality/2025-10-30/vlcsnap-2025-10-30-22h01m11s937.png,10/30,12:25,Pepperoni,No,,No,No,Media,Correcto,No,35,0,20,20,5,80,Pass
https://gritsee-ensemble.s3.us-east-1.amazonaws.com/pcsapi-ramos-arizpe/quality/2025-10-30/vlcsnap-2025-10-30-22h01m21s730.png,10/30,12:34,Pepperoni,Sí,,No,Sí,Mala,Correcto,No,35,5,10,20,5,75,Pass
https://gritsee-ensemble.s3.us-east-1.amazonaws.com/pcsapi-ramos-arizpe/quality/2025-10-30/vlcsnap-2025-10-30-22h01m32s023.png,10/30,12:53,Pepperoni,No,,No,No,Mala,Correcto,No,35,0,10,20,5,70,Pass
https://gritsee-ensemble.s3.us-east-1.amazonaws.com/pcsapi-ramos-arizpe/quality/2025-10-30/vlcsnap-2025-10-30-22h01m36s692.png,10/30,12:59,Pepperoni,No,,No,Sí,Media,Correcto,No,35,5,20,20,5,85,Pass
https://gritsee-ensemble.s3.us-east-1.amazonaws.com/pcsapi-ramos-arizpe/quality/2025-10-30/vlcsnap-2025-10-30-22h01m52s462.png,10/30,13:16,3 Meat Treat,No,,Sí,No,Mala,Correcto,No,0,0,10,20,5,35,Fail
https://gritsee-ensemble.s3.us-east-1.amazonaws.com/pcsapi-ramos-arizpe/quality/2025-10-30/vlcsnap-2025-10-30-22h01m57s375.png,10/30,13:21,Pepperoni,No,,Sí,No,Mala,Correcto,No,0,0,10,20,5,35,Fail
https://gritsee-ensemble.s3.us-east-1.amazonaws.com/pcsapi-ramos-arizpe/quality/2025-10-30/vlcsnap-2025-10-30-22h02m08s316.png,10/30,13:23,Pepperoni,No,,Sí,No,Aceptable,Correcto,No,0,0,25,20,5,50,Fail
https://gritsee-ensemble.s3.us-east-1.amazonaws.com/pcsapi-ramos-arizpe/quality/2025-10-30/vlcsnap-2025-10-30-22h02m12s954.png,10/30,13:30,Pepperoni,Sí,,No,Sí,Mala,Correcto,No,35,5,10,20,5,75,Pass
https://gritsee-ensemble.s3.us-east-1.amazonaws.com/pcsapi-ramos-arizpe/quality/2025-10-30/vlcsnap-2025-10-30-22h02m20s584.png,10/30,13:41,Pepperoni,No,,No,No,Deficiente,Correcto,No,35,0,0,20,5,60,Fail
https://gritsee-ensemble.s3.us-east-1.amazonaws.com/pcsapi-ramos-arizpe/quality/2025-10-30/vlcsnap-2025-10-30-22h02m28s705.png,10/30,13:49,Pepperoni,No,,No,Sí,Deficiente,Correcto,No,35,5,0,20,5,65,Fail
https://gritsee-ensemble.s3.us-east-1.amazonaws.com/pcsapi-ramos-arizpe/quality/2025-10-30/vlcsnap-2025-10-30-22h02m50s431.png,10/30,14:23,Pepperoni,No,,No,No,Deficiente,Correcto,No,35,0,0,20,5,60,Fail
https://gritsee-ensemble.s3.us-east-1.amazonaws.com/pcsapi-ramos-arizpe/quality/2025-10-30/vlcsnap-2025-10-30-22h02m55s793.png,10/30,14:26,Pepperoni,No,,Sí,No,Mala,Correcto,No,0,0,10,20,5,35,Fail
https://gritsee-ensemble.s3.us-east-1.amazonaws.com/pcsapi-ramos-arizpe/quality/2025-10-30/vlcsnap-2025-10-30-22h03m20s480.png,10/30,14:40,Pepperoni,No,,No,No,Mala,Correcto,No,35,0,10,20,5,70,Pass
https://gritsee-ensemble.s3.us-east-1.amazonaws.com/pcsapi-ramos-arizpe/quality/2025-10-30/vlcsnap-2025-10-30-22h03m23s707.png,10/30,14:42,Pepperoni,No,,No,No,Mala,Correcto,No,35,0,10,20,5,70,Pass
https://gritsee-ensemble.s3.us-east-1.amazonaws.com/pcsapi-ramos-arizpe/quality/2025-10-30/vlcsnap-2025-10-30-22h03m26s646.png,10/30,14:47,Pepperoni,No,,No,Sí,Mala,Correcto,Sí,35,5,10,20,0,70,Pass
https://gritsee-ensemble.s3.us-east-1.amazonaws.com/pcsapi-ramos-arizpe/quality/2025-10-30/vlcsnap-2025-10-30-22h03m33s862.png,10/30,14:51,Pepperoni,No,,No,No,Mala,Correcto,No,35,0,10,20,5,70,Pass
https://gritsee-ensemble.s3.us-east-1.amazonaws.com/pcsapi-ramos-arizpe/quality/2025-10-30/vlcsnap-2025-10-30-22h03m42s536.png,10/30,15:01,Extra Extra,No,,Sí,No,Mala,Correcto,No,0,0,10,20,5,35,Fail
https://gritsee-ensemble.s3.us-east-1.amazonaws.com/pcsapi-ramos-arizpe/quality/2025-10-30/vlcsnap-2025-10-30-22h03m46s324.png,10/30,15:06,Pepperoni,No,,No,No,Media,Correcto,No,35,0,20,20,5,80,Pass
https://gritsee-ensemble.s3.us-east-1.amazonaws.com/pcsapi-ramos-arizpe/quality/2025-10-30/vlcsnap-2025-10-30-22h03m53s129.png,10/30,18:05,Pepperoni,Sí,,No,Sí,Aceptable,Correcto,No,35,5,25,20,5,90,Pass
https://gritsee-ensemble.s3.us-east-1.amazonaws.com/pcsapi-ramos-arizpe/quality/2025-10-30/vlcsnap-2025-10-30-22h04m02s700.png,10/30,18:21,Pepperoni,No,,No,Sí,Media,Correcto,No,35,5,20,20,5,85,Pass
https://gritsee-ensemble.s3.us-east-1.amazonaws.com/pcsapi-ramos-arizpe/quality/2025-10-30/vlcsnap-2025-10-30-22h04m06s712.png,10/30,18:22,Pepperoni,No,,Sí,No,Media,Correcto,No,0,0,20,20,5,45,Fail
https://gritsee-ensemble.s3.us-east-1.amazonaws.com/pcsapi-ramos-arizpe/quality/2025-10-30/vlcsnap-2025-10-30-22h04m08s169.png,10/30,18:24,Pepperoni,No,,Sí,Sí,Media,Correcto,No,0,5,20,20,5,50,Fail
https://gritsee-ensemble.s3.us-east-1.amazonaws.com/pcsapi-ramos-arizpe/quality/2025-10-30/vlcsnap-2025-10-30-22h04m24s422.png,10/30,18:45,Pepperoni,No,,Sí,No,Deficiente,Correcto,No,0,0,0,20,5,25,Fail
https://gritsee-ensemble.s3.us-east-1.amazonaws.com/pcsapi-ramos-arizpe/quality/2025-10-30/vlcsnap-2025-10-30-22h04m26s253.png,10/30,18:47,Pepperoni,No,,Sí,No,Mala,Correcto,No,0,0,10,20,5,35,Fail
https://gritsee-ensemble.s3.us-east-1.amazonaws.com/pcsapi-ramos-arizpe/quality/2025-10-30/vlcsnap-2025-10-30-22h04m37s172.png,10/30,19:08,Pepperoni,No,,No,Sí,Mala,Correcto,No,35,5,10,20,5,75,Pass
https://gritsee-ensemble.s3.us-east-1.amazonaws.com/pcsapi-ramos-arizpe/quality/2025-10-30/vlcsnap-2025-10-30-22h04m46s437.png,10/30,19:17,Pepperoni,No,,Sí,No,Deficiente,Correcto,No,0,0,0,20,5,25,Fail
https://gritsee-ensemble.s3.us-east-1.amazonaws.com/pcsapi-ramos-arizpe/quality/2025-10-30/vlcsnap-2025-10-30-22h04m48s204.png,10/30,19:18,Pepperoni,No,,Sí,No,Mala,Correcto,No,0,0,10,20,5,35,Fail
https://gritsee-ensemble.s3.us-east-1.amazonaws.com/pcsapi-ramos-arizpe/quality/2025-10-30/vlcsnap-2025-10-30-22h04m50s467.png,10/30,19:21,Otra,No,,No,No,Mala,Correcto,No,35,0,10,20,5,70,Pass
https://gritsee-ensemble.s3.us-east-1.amazonaws.com/pcsapi-ramos-arizpe/quality/2025-10-30/vlcsnap-2025-10-30-22h05m47s518.png,10/30,19:27,Pepperoni,No,,No,Sí,Mala,Correcto,No,35,5,10,20,5,75,Pass
https://gritsee-ensemble.s3.us-east-1.amazonaws.com/pcsapi-ramos-arizpe/quality/2025-10-30/vlcsnap-2025-10-30-22h06m02s844.png,10/30,19:43,Otra,No,,No,No,Correcta,Correcto,No,35,0,35,20,5,95,Pass
https://gritsee-ensemble.s3.us-east-1.amazonaws.com/pcsapi-ramos-arizpe/quality/2025-10-30/vlcsnap-2025-10-30-22h06m18s985.png,10/30,19:55,Pepperoni,No,,No,No,Mala,Correcto,No,35,0,10,20,5,70,Pass
https://gritsee-ensemble.s3.us-east-1.amazonaws.com/pcsapi-ramos-arizpe/quality/2025-10-30/vlcsnap-2025-10-30-22h06m20s759.png,10/30,19:57,Pepperoni,No,,Sí,No,Deficiente,Correcto,No,0,0,0,20,5,25,Fail
https://gritsee-ensemble.s3.us-east-1.amazonaws.com/pcsapi-ramos-arizpe/quality/2025-10-30/vlcsnap-2025-10-30-22h06m31s319.png,10/30,20:01,Pepperoni,Sí,,Sí,Sí,Mala,Correcto,No,0,5,10,20,5,40,Fail
https://gritsee-ensemble.s3.us-east-1.amazonaws.com/pcsapi-ramos-arizpe/quality/2025-10-30/vlcsnap-2025-10-30-22h06m33s956.png,10/30,20:05,Pepperoni,No,,No,No,Deficiente,Correcto,No,35,0,0,20,5,60,Fail
https://gritsee-ensemble.s3.us-east-1.amazonaws.com/pcsapi-ramos-arizpe/quality/2025-10-30/vlcsnap-2025-10-30-22h06m44s814.png,10/30,20:30,Extra Extra,No,,No,No,Media,Correcto,No,35,0,20,20,5,80,Pass
https://gritsee-ensemble.s3.us-east-1.amazonaws.com/pcsapi-ramos-arizpe/quality/2025-10-30/vlcsnap-2025-10-30-22h06m52s880.png,10/30,20:39,Otra,No,,No,No,Media,Correcto,No,35,0,20,20,5,80,Pass
https://gritsee-ensemble.s3.us-east-1.amazonaws.com/pcsapi-ramos-arizpe/quality/2025-10-30/vlcsnap-2025-10-30-22h06m57s921.png,10/30,20:42,Pepperoni,No,,Sí,No,Mala,Correcto,No,0,0,10,20,5,35,Fail
https://gritsee-ensemble.s3.us-east-1.amazonaws.com/pcsapi-ramos-arizpe/quality/2025-10-30/vlcsnap-2025-10-30-22h06m59s273.png,10/30,20:44,Pepperoni,No,,No,No,Media,Correcto,No,35,0,20,20,5,80,Pass
https://gritsee-ensemble.s3.us-east-1.amazonaws.com/pcsapi-ramos-arizpe/quality/2025-10-30/vlcsnap-2025-10-30-22h07m03s015.png,10/30,20:50,Pepperoni,No,,Sí,No,Media,Correcto,No,0,0,20,20,5,45,Fail
https://gritsee-ensemble.s3.us-east-1.amazonaws.com/pcsapi-ramos-arizpe/quality/2025-10-30/vlcsnap-2025-10-30-22h07m06s518.png,10/30,20:52,Pepperoni,No,,Sí,No,Media,Correcto,No,0,0,20,20,5,45,Fail
https://gritsee-ensemble.s3.us-east-1.amazonaws.com/pcsapi-ramos-arizpe/quality/2025-10-30/vlcsnap-2025-10-30-22h07m13s698.png,10/30,21:01,Extra Extra,N/A,,Sí,No,Mala,Correcto,No,0,0,10,20,5,35,Fail